IP,fwmark
10.156.14.1,50
10.156.14.2,50
10.156.14.3,50
10.156.14.4,50
10.156.14.5,50
10.156.14.6,50
10.156.14.7,50
10.156.14.8,50
10.156.14.9,50
10.156.14.10,50
10.156.14.11,50
10.156.14.12,50
10.156.14.13,50
10.156.14.14,50
10.156.14.15,50
10.156.14.16,50
10.156.14.17,50
10.156.14.18,50
10.156.14.19,50
10.156.14.20,50
10.156.14.21,50
10.156.14.22,50
10.156.14.23,50
10.156.14.24,50
10.156.14.25,50
10.156.14.26,50
10.156.14.27,50
10.156.14.28,50
10.156.14.29,50
10.156.14.30,50
10.156.14.31,50
10.156.14.32,50
10.156.14.33,50
10.156.14.34,50
10.156.14.35,50
10.156.14.36,50
10.156.14.37,50
10.156.14.38,50
10.156.14.39,50
10.156.14.40,50
10.156.14.41,50
10.156.14.42,50
10.156.14.43,50
10.156.14.44,50
10.156.14.45,50
10.156.14.46,50
10.156.14.47,50
10.156.14.48,50
10.156.14.49,50
10.156.14.50,50
10.156.14.51,50
10.156.14.52,50
10.156.14.53,50
10.156.14.54,50
10.156.14.55,50
10.156.14.56,50
10.156.14.57,50
10.156.14.58,50
10.156.14.59,50
10.156.14.60,50
10.156.14.61,50
10.156.14.62,50
10.156.14.63,50
10.156.14.64,50
10.156.14.65,50
10.156.14.66,50
10.156.14.67,50
10.156.14.68,50
10.156.14.69,50
10.156.14.70,50
10.156.14.71,50
10.156.14.72,50
10.156.14.73,50
10.156.14.74,50
10.156.14.75,50
10.156.14.76,50
10.156.14.77,50
10.156.14.78,50
10.156.14.79,50
10.156.14.80,50
10.156.14.81,50
10.156.14.82,50
10.156.14.83,50
10.156.14.84,50
10.156.14.85,50
10.156.14.86,50
10.156.14.87,50
10.156.14.88,50
10.156.14.89,50
10.156.14.90,50
10.156.14.91,50
10.156.14.92,50
10.156.14.93,50
10.156.14.94,50
10.156.14.95,50
10.156.14.96,50
10.156.14.97,50
10.156.14.98,50
10.156.14.99,50
10.156.14.100,50
10.156.14.101,50
10.156.14.102,50
10.156.14.103,50
10.156.14.104,50
10.156.14.105,50
10.156.14.106,50
10.156.14.107,50
10.156.14.108,50
10.156.14.109,50
10.156.14.110,50
10.156.14.111,50
10.156.14.112,50
10.156.14.113,50
10.156.14.114,50
10.156.14.115,50
10.156.14.116,50
10.156.14.117,50
10.156.14.118,50
10.156.14.119,50
10.156.14.120,50
10.156.14.121,50
10.156.14.122,50
10.156.14.123,50
10.156.14.124,50
10.156.14.125,50
10.156.14.126,50
10.156.14.127,50
10.156.14.128,50
10.156.14.129,50
10.156.14.130,50
10.156.14.131,50
10.156.14.132,50
10.156.14.133,50
10.156.14.134,50
10.156.14.135,50
10.156.14.136,50
10.156.14.137,50
10.156.14.138,50
10.156.14.139,50
10.156.14.140,50
10.156.14.141,50
10.156.14.142,50
10.156.14.143,50
10.156.14.144,50
10.156.14.145,50
10.156.14.146,50
10.156.14.147,50
10.156.14.148,50
10.156.14.149,50
10.156.14.150,50
10.156.14.151,50
10.156.14.152,50
10.156.14.153,50
10.156.14.154,50
10.156.14.155,50
10.156.14.156,50
10.156.14.157,50
10.156.14.158,50
10.156.14.159,50
10.156.14.160,50
10.156.14.161,50
10.156.14.162,50
10.156.14.163,50
10.156.14.164,50
10.156.14.165,50
10.156.14.166,50
10.156.14.167,50
10.156.14.168,50
10.156.14.169,50
10.156.14.170,50
10.156.14.171,50
10.156.14.172,50
10.156.14.173,50
10.156.14.174,50
10.156.14.175,50
10.156.14.176,50
10.156.14.177,50
10.156.14.178,50
10.156.14.179,50
10.156.14.180,50
10.156.14.181,50
10.156.14.182,50
10.156.14.183,50
10.156.14.184,50
10.156.14.185,50
10.156.14.186,50
10.156.14.187,50
10.156.14.188,50
10.156.14.189,50
10.156.14.190,50
10.156.14.191,50
10.156.14.192,50
10.156.14.193,50
10.156.14.194,50
10.156.14.195,50
10.156.14.196,50
10.156.14.197,50
10.156.14.198,50
10.156.14.199,50
10.156.14.200,50
10.156.14.201,50
10.156.14.202,50
10.156.14.203,50
10.156.14.204,50
10.156.14.205,50
10.156.14.206,50
10.156.14.207,50
10.156.14.208,50
10.156.14.209,50
10.156.14.210,50
10.156.14.211,50
10.156.14.212,50
10.156.14.213,50
10.156.14.214,50
10.156.14.215,50
10.156.14.216,50
10.156.14.217,50
10.156.14.218,50
10.156.14.219,50
10.156.14.220,50
10.156.14.221,50
10.156.14.222,50
10.156.14.223,50
10.156.14.224,50
10.156.14.225,50
10.156.14.226,50
10.156.14.227,50
10.156.14.228,50
10.156.14.229,50
10.156.14.230,50
10.156.14.231,50
10.156.14.232,50
10.156.14.233,50
10.156.14.234,50
10.156.14.235,50
10.156.14.236,50
10.156.14.237,50
10.156.14.238,50
10.156.14.239,50
10.156.14.240,50
10.156.14.241,50
10.156.14.242,50
10.156.14.243,50
10.156.14.244,50
10.156.14.245,50
10.156.14.246,50
10.156.14.247,50
10.156.14.248,50
10.156.14.249,50
10.156.14.250,50
10.156.14.251,50
10.156.14.252,50
10.156.14.253,50
10.156.14.254,50
